{
  "A_500": {
    "beta_hi": 1.0022891149186437,
    "dbeta": 0.019263626499695295
  },
  "A_100": {
    "beta_hi": 0.9908683828230604,
    "dbeta": 0.010959528277272156
  }
}